driverId,driverRef,driver_name,nationality,birth_date
470,mayer,Timmy Mayer,American,1938-02-22
768,rose,Mauri Rose,American,1906-05-26
574,constantine,George Constantine,American,1918-02-22
729,schindler,Bill Schindler,American,1909-03-06
667,fitch,John Fitch,American,1917-08-04
309,revson,Peter Revson,American,1939-02-27
508,reventlow,Lance Reventlow,American,1936-02-24
615,agabashian,Fred Agabashian,American,1913-08-21
618,mackay-fraser,Herbert MacKay-Fraser,American,1927-06-23
733,miller,Chet Miller,American,1902-07-19
653,davies,Jimmy Davies,American,1929-08-08
737,obrien,Robert O'Brien,American,1908-04-11
381,unser,Bobby Unser,American,1934-02-20
730,fonder,George Fonder,American,1917-06-22
353,lovely,Pete Lovely,American,1926-04-11
451,dochnal,Frank Dochnal,American,1920-10-08
572,blanchard,Harry Blanchard,American,1929-06-13
594,tolan,Johnnie Tolan,American,1917-10-22
772,hellings,Mack Hellings,American,1915-09-14
510,goldsmith,Paul Goldsmith,American,1925-10-02
449,ward,Rodger Ward,American,1921-01-10
679,mccoy,Ernie McCoy,American,1921-02-19
654,faulkner,Walt Faulkner,American,1920-02-16
364,gurney,Dan Gurney,American,1931-04-13
518,darter,Duane Carter,American,1913-05-05
630,dinsmore,Duke Dinsmore,American,1913-04-10
770,green,Cecil Green,American,1919-09-30
680,swaters,Jacques Swaters,American,1926-10-30
507,daigh,Chuck Daigh,American,1923-11-29
494,ruby,Lloyd Ruby,American,1928-01-12
526,ruttman,Troy Ruttman,American,1930-03-11
434,sharp,Hap Sharp,American,1928-01-01
726,george_connor,George Connor,American,1906-08-16
366,hutchison,Gus Hutchison,American,1937-04-26
537,dick_rathmann,Dick Rathmann,American,1924-01-06
676,armi,Frank Armi,American,1918-10-12
528,freeland,Don Freeland,American,1925-03-25
332,follmer,George Follmer,American,1934-01-27
797,holmes,Jackie Holmes,American,1920-09-04
392,fisher,Mike Fisher,American,1943-03-13
629,griffith,Cliff Griffith,American,1916-02-06
563,weyant,Chuck Weyant,American,1923-04-03
533,boyd,Johnny Boyd,American,1926-08-19
522,grim,Bobby Grim,American,1924-09-04
614,edmunds,Don Edmunds,American,1930-09-23
804,mantz,Johnny Mantz,American,1918-09-18
595,garrett,Billy Garrett,American,1933-04-24
598,jerry_unser,Jerry Unser,American,1932-11-15
463,chamberlain,Jay Chamberlain,American,1925-12-29
566,shelby,Carroll Shelby,American,1923-01-11
548,drake,Bob Drake,American,1919-12-14
702,bob_scott,Bob Scott,American,1928-10-04
834,rossi,Alexander Rossi,American,1991-09-25
769,mackey,Bill Mackey,American,1927-12-15
516,christie,Bob Christie,American,1924-04-04
727,rigsby,Jim Rigsby,American,1923-06-06
501,schell,Harry Schell,American,1921-06-29
509,rathmann,Jim Rathmann,American,1928-07-16
438,settember,Tony Settember,American,1926-07-10
396,bondurant,Bob Bondurant,American,1933-04-27
511,branson,Don Branson,American,1920-06-02
591,george_amick,George Amick,American,1924-10-24
523,templeman,Shorty Templeman,American,1919-08-12
559,flaherty,Pat Flaherty,American,1926-01-06
513,johnson,Eddie Johnson,American,1919-02-10
524,hurtubise,Jim Hurtubise,American,1932-12-05
858,sargeant,Logan Sargeant,American,2000-12-31
532,russo,Eddie Russo,American,1925-11-19
440,hall,Jim Hall,American,1935-07-23
564,larson,Jud Larson,American,1923-01-21
677,webb,Travis Webb,American,1910-10-08
731,banks,Henry Banks,American,1913-06-14
798,levrett,Bayliss Levrett,American,1914-02-14
531,foyt,Anthony Foyt,American,1935-01-16
655,niday,Cal Niday,American,1914-04-29
519,homeier,Bill Homeier,American,1918-08-31
767,forberg,Carl Forberg,American,1911-03-04
796,ader,Walt Ader,American,1913-12-15
240,ongais,Danny Ongais,American,1942-05-21
418,gregory,Masten Gregory,American,1932-02-29
555,paul_russo,Paul Russo,American,1914-04-10
468,penske,Roger Penske,American,1937-02-20
193,sullivan,Danny Sullivan,American,1950-03-09
536,sutton,Len Sutton,American,1925-08-09
656,cross,Art Cross,American,1918-01-24
678,duncan,Len Duncan,American,1911-07-25
521,stevenson,Chuck Stevenson,American,1919-10-15
562,turner,Jack Turner,American,1920-02-12
405,bucknum,Ronnie Bucknum,American,1936-04-05
766,wallard,Lee Wallard,American,1910-09-07
795,fohr,Myron Fohr,American,1912-06-17
121,andretti,Michael Andretti,American,1962-10-05
386,ginther,Richie Ginther,American,1930-08-05
611,hanks,Sam Hanks,American,1914-07-13
728,james,Joe James,American,1925-05-23
799,jackson,Jimmy Jackson,American,1910-07-25
771,walt_brown,Walt Brown,American,1911-12-30
558,keller,Al Keller,American,1920-04-11
612,linden,Andy Linden,American,1922-04-05
700,scarborough,Carl Scarborough,American,1914-07-03
527,sachs,Eddie Sachs,American,1927-05-28
599,bisch,Art Bisch,American,1926-11-10
592,reece,Jimmy Reece,American,1929-11-17
539,dempsey_wilson,Dempsey Wilson,American,1927-03-11
207,mario_andretti,Mario Andretti,American,1940-02-28
596,elisian,Ed Elisian,American,1926-12-09
794,chitwood,Joie Chitwood,American,1912-04-14
158,cheever,Eddie Cheever,American,1958-01-10
673,nazaruk,Mike Nazaruk,American,1921-10-02
288,donohue,Mark Donohue,American,1937-03-18
674,crockett,Larry Crockett,American,1926-10-23
701,holland,Bill Holland,American,1907-12-18
514,veith,Bob Veith,American,1926-11-01
535,mcwithey,Jim McWithey,American,1927-07-04
26,speed,Scott Speed,American,1983-01-24
520,hartley,Gene Hartley,American,1926-01-28
534,force,Gene Force,American,1916-06-15
613,teague,Marshall Teague,American,1921-02-22
699,nalon,Duke Nalon,American,1913-03-02
732,mcdowell,Johnny McDowell,American,1915-01-29
561,ray_crawford,Ray Crawford,American,1915-10-26
512,thomson,Johnny Thomson,American,1922-04-09
529,bettenhausen,Tony Bettenhausen,American,1916-09-12
515,tingelstad,Bud Tingelstad,American,1928-04-04
631,andrews,Keith Andrews,American,1920-06-15
675,ayulo,Manny Ayulo,American,1921-10-20
805,kladis,Danny Kladis,American,1917-02-10
239,lunger,Brett Lunger,American,1945-11-14
658,mcgrath,Jack McGrath,American,1919-10-08
433,hansgen,Walt Hansgen,American,1919-10-28
214,cogan,Kevin Cogan,American,1956-03-31
593,parsons,Johnnie Parsons,American,1918-07-04
693,wacker,Fred Wacker,American,1918-07-10
597,connor,Pat O'Connor,American,1928-10-09
803,cantrell,Bill Cantrell,American,1908-01-31
525,bryan,Jimmy Bryan,American,1926-01-28
344,posey,Sam Posey,American,1944-05-26
403,phil_hill,Phil Hill,American,1927-04-20
517,amick,Red Amick,American,1929-01-19
545,gamble,Fred Gamble,American,1932-03-17
560,cheesbourg,Bill Cheesbourg,American,1927-06-12
249,rahal,Bobby Rahal,American,1953-01-10
393,tom_jones,Tom Jones,American,1943-04-26
452,monarch,Thomas Monarch,American,1945-09-03
734,ball,Bobby Ball,American,1925-08-26
557,arnold,Chuck Arnold,American,1926-05-30
530,weiler,Wayne Weiler,American,1934-12-09
657,vukovich,Bill Vukovich,American,1918-12-13
659,hoyt,Jerry Hoyt,American,1929-01-29
565,magill,Mike Magill,American,1920-02-08
342,barber,Skip Barber,American,1936-11-16
538,herman,Al Herman,American,1927-03-15
576,cade,Phil Cade,American,1916-06-12
616,george,Elmer George,American,1928-07-15
628,sweikert,Bob Sweikert,American,1926-05-20
584,kessler,Bruce Kessler,American,1936-03-23
556,daywalt,Jimmy Daywalt,American,1924-08-28
575,said,Bob Said,American,1932-05-05
491,thiele,Alfonso Thiele,American-Italian,1920-04-05
82,fontana,Norberto Fontana,Argentine,1975-01-20
645,bucci,Clemar Bucci,Argentine,1920-09-04
649,birger,Pablo Birger,Argentine,1924-01-07
496,menditeguy,Carlos Menditeguy,Argentine,1914-08-10
217,zunino,Ricardo Zunino,Argentine,1949-04-13
670,marimon,Onofre Marimón,Argentine,1923-12-19
698,cruz,Adolfo Cruz,Argentine,1923-06-28
792,pian,Alfredo Pián,Argentine,1912-10-21
215,guerra,Miguel Ángel Guerra,Argentine,1953-08-31
695,galvez,Oscar Gálvez,Argentine,1913-08-17
498,gonzalez,José Froilán González,Argentine,1922-10-05
497,larreta,Alberto Rodriguez Larreta,Argentine,1934-01-14
672,daponte,Jorge Daponte,Argentine,1923-06-05
761,crespo,Alberto Crespo,Argentine,1920-01-16
199,reutemann,Carlos Reutemann,Argentine,1942-04-12
439,estefano,Nasif Estéfano,Argentine,1932-11-18
646,iglesias,Jesús Iglesias,Argentine,1922-02-22
74,tuero,Esteban Tuero,Argentine,1978-04-22
499,bonomi,Roberto Bonomi,Argentine,1919-09-30
60,mazzacane,Gastón Mazzacane,Argentine,1975-05-08
485,bordeu,Juan Manuel Bordeu,Argentine,1934-01-28
643,mieres,Roberto Mieres,Argentine,1924-12-03
165,larrauri,Oscar Larrauri,Argentine,1954-08-19
579,fangio,Juan Fangio,Argentine,1911-06-24
573,tomaso,Alessandro de Tomaso,Argentine-Italian,1928-07-10
861,colapinto,Franco Colapinto,Argentinian ,2003-05-27
256,perkins,Larry Perkins,Australian,1950-03-18
406,hawkins,Paul Hawkins,Australian,1937-10-12
266,mcguire,Brian McGuire,Australian,1945-12-13
356,jack_brabham,Jack Brabham,Australian,1926-04-02
380,gardner,Frank Gardner,Australian,1930-10-01
582,kavanagh,Ken Kavanagh,Australian,1923-12-12
738,gaze,Tony Gaze,Australian,1920-02-03
267,schuppan,Vern Schuppan,Australian,1943-03-19
150,gary_brabham,Gary Brabham,Australian,1961-03-29
286,brown,Warwick Brown,Australian,1949-12-24
817,ricciardo,Daniel Ricciardo,Australian,1989-07-01
314,schenken,Tim Schenken,Australian,1943-09-26
338,walker,David Walker,Australian,1941-06-10
101,brabham,David Brabham,Australian,1965-09-05
857,piastri,Oscar Piastri,Australian,2001-04-06
621,england,Paul England,Australian,1929-03-28
178,jones,Alan Jones,Australian,1946-11-02
17,webber,Mark Webber,Australian,1976-08-27
862,doohan,Jack Doohan,Australian,2003-01-20
107,ratzenberger,Roland Ratzenberger,Austrian,1960-07-04
285,stuppacher,Otto Stuppacher,Austrian,1947-03-03
77,berger,Gerhard Berger,Austrian,1959-08-27
324,koinigg,Helmuth Koinigg,Austrian,1948-11-03
337,marko,Helmut Marko,Austrian,1943-04-27
229,ertl,Harald Ertl,Austrian,1948-08-31
323,quester,Dieter Quester,Austrian,1939-05-30
32,klien,Christian Klien,Austrian,1983-02-07
189,gartner,Jo Gartner,Austrian,1954-01-24
25,wurz,Alexander Wurz,Austrian,1974-02-15
91,wendlinger,Karl Wendlinger,Austrian,1968-12-20
182,lauda,Niki Lauda,Austrian,1949-02-22
246,binder,Hans Binder,Austrian,1948-06-12
40,friesacher,Patrick Friesacher,Austrian,1980-09-26
358,rindt,Jochen Rindt,Austrian,1942-04-18
92,gachot,Bertrand Gachot,Belgian,1962-12-23
735,tornaco,Charles de Tornaco,Belgian,1927-06-07
435,mairesse,Willy Mairesse,Belgian,1928-10-01
600,goethals,Christian Goethals,Belgian,1928-08-04
660,claes,Johnny Claes,Belgian,1916-08-11
838,vandoorne,Stoffel Vandoorne,Belgian,1992-03-26
235,ickx,Jacky Ickx,Belgian,1945-01-01
376,bianchi,Lucien Bianchi,Belgian,1934-11-10
816,ambrosio,Jérôme d'Ambrosio,Belgian,1985-12-27
550,Changy,Alain de Changy,Belgian,1922-02-05
736,laurent,Roger Laurent,Belgian,1913-02-21
123,boutsen,Thierry Boutsen,Belgian,1957-07-13
429,andre_pilette,André Pilette,Belgian,1918-10-06
482,gendebien,Olivier Gendebien,Belgian,1924-01-12
113,adams,Philippe Adams,Belgian,1969-11-19
632,frere,Paul Frère,Belgian,1917-01-30
258,neve,Patrick Nève,Belgian,1949-10-13
261,dryver,Bernard de Dryver,Belgian,1952-09-19
639,milhoux,André Milhoux,Belgian,1928-12-09
128,poele,Eric van de Poele,Belgian,1961-09-30
681,georges_berger,Georges Berger,Belgian,1918-09-14
703,legat,Arthur Legat,Belgian,1898-11-01
269,pilette,Teddy Pilette,Belgian,1942-07-26
59,bernoldi,Enrique Bernoldi,Brazilian,1978-10-19
831,nasr,Felipe Nasr,Brazilian,1992-08-21
43,matta,Cristiano da Matta,Brazilian,1973-09-19
746,bianco,Gino Bianco,Brazilian,1916-07-22
290,wilson_fittipaldi,Wilson Fittipaldi,Brazilian,1943-12-25
567,orey,Fritz d'Orey,Brazilian,1938-03-25
253,hoffmann,Ingo Hoffmann,Brazilian,1953-02-28
811,bruno_senna,Bruno Senna,Brazilian,1983-10-15
42,pizzonia,Antônio Pizzonia,Brazilian,1980-09-11
624,ramos,Hernando da Silva Ramos,Brazilian,1925-12-07
237,ribeiro,Alex Ribeiro,Brazilian,1948-11-07
22,barrichello,Rubens Barrichello,Brazilian,1972-05-23
102,senna,Ayrton Senna,Brazilian,1960-03-21
54,burti,Luciano Burti,Brazilian,1975-03-05
250,pace,Carlos Pace,Brazilian,1944-10-06
58,marques,Tarso Marques,Brazilian,1976-01-19
810,grassi,Lucas di Grassi,Brazilian,1984-08-11
104,fittipaldi,Christian Fittipaldi,Brazilian,1971-01-18
41,zonta,Ricardo Zonta,Brazilian,1976-03-23
127,gugelmin,Maurício Gugelmin,Brazilian,1963-04-20
196,boesel,Raul Boesel,Brazilian,1957-12-04
192,serra,Chico Serra,Brazilian,1957-02-03
73,rosset,Ricardo Rosset,Brazilian,1968-07-27
331,bueno,Luiz Bueno,Brazilian,1937-01-16
12,piquet_jr,Nelson Piquet Jr.,Brazilian,1985-07-25
224,emerson_fittipaldi,Emerson Fittipaldi,Brazilian,1946-12-12
13,massa,Felipe Massa,Brazilian,1981-04-25
137,piquet,Nelson Piquet,Brazilian,1952-08-17
622,landi,Chico Landi,Brazilian,1907-07-14
90,moreno,Roberto Moreno,Brazilian,1959-02-11
850,pietro_fittipaldi,Pietro Fittipaldi,Brazilian,1996-06-25
64,diniz,Pedro Diniz,Brazilian,1970-05-22
388,irwin,Chris Irwin,British,1942-06-27
14,coulthard,David Coulthard,British,1971-03-27
302,crawford,Jim Crawford,British,1948-02-13
636,titterington,Desmond Titterington,British,1928-05-01
320,gethin,Peter Gethin,British,1940-02-21
687,whitehead,Peter Whitehead,British,1914-11-12
135,mccarthy,Perry McCarthy,British,1961-03-03
141,bailey,Julian Bailey,British,1961-10-09
211,keegan,Rupert Keegan,British,1955-02-26
743,thompson,Eric Thompson,British,1919-11-04
682,beauman,Don Beauman,British,1928-07-26
690,nuckey,Rodney Nuckey,British,1929-06-26
460,ashmore,Gerry Ashmore,British,1936-07-25
610,leston,Les Leston,British,1920-12-16
390,rees,Alan Rees,British,1938-01-12
689,alan_brown,Alan Brown,British,1919-11-20
685,riseley_prichard,John Riseley-Prichard,British,1924-01-17
174,dumfries,Johnny Dumfries,British,1958-04-26
265,edwards,Guy Edwards,British,1942-12-30
601,gibson,Dick Gibson,British,1918-04-16
725,abecassis,George Abecassis,British,1913-03-21
462,davis,Colin Davis,British,1933-07-29
270,ashley,Ian Ashley,British,1947-10-26
328,stewart,Jackie Stewart,British,1939-06-11
540,mike_taylor,Mike Taylor,British,1934-04-24
578,hawthorn,Mike Hawthorn,British,1929-04-10
378,widdows,Robin Widdows,British,1942-05-27
400,lawrence,Chris Lawrence,British,1933-07-27
707,ian_stewart,Ian Stewart,British,1929-07-15
436,campbell-jones,John Campbell-Jones,British,1930-01-21
301,morgan,Dave Morgan,British,1944-08-07
397,arundell,Peter Arundell,British,1933-11-08
661,peter_walker,Peter Walker,British,1912-10-07
696,john_barber,John Barber,British,1929-07-22
245,trimmer,Tony Trimmer,British,1943-01-24
785,crossley,Geoff Crossley,British,1921-05-11
790,leslie_johnson,Leslie Johnson,British,1912-03-22
860,bearman,Oliver Bearman,British,2005-05-08
486,fairman,Jack Fairman,British,1913-03-15
617,macdowel,Mike MacDowel,British,1932-09-13
151,donnelly,Martin Donnelly,British,1964-03-26
549,bueb,Ivor Bueb,British,1923-06-06
506,halford,Bruce Halford,British,1931-05-18
847,russell,George Russell,British,1998-02-15
585,emery,Paul Emery,British,1916-11-12
456,salvadori,Roy Salvadori,British,1922-05-12
383,anderson,Bob Anderson,British,1931-05-19
495,ken_miles,Ken Miles,British,1918-11-01
66,mcnish,Allan McNish,British,1969-12-29
361,courage,Piers Courage,British,1942-05-27
401,trevor_taylor,Trevor Taylor,British,1936-12-26
481,henry_taylor,Henry Taylor,British,1932-12-16
547,gould,Horace Gould,British,1918-09-20
1,hamilton,Lewis Hamilton,British,1985-01-07
469,schroeder,Rob Schroeder,British,1926-05-11
651,macklin,Lance Macklin,British,1919-09-02
276,evans,Bob Evans,British,1947-06-11
367,westbury,Peter Westbury,British,1938-05-26
477,allison,Cliff Allison,British,1932-02-08
391,hart,Brian Hart,British,1936-09-07
398,vic_wilson,Vic Wilson,British,1931-04-14
749,aston,Bill Aston,British,1900-03-29
851,aitken,Jack Aitken,British,1995-09-23
663,wharton,Ken Wharton,British,1916-03-21
820,chilton,Max Chilton,British,1991-04-21
387,parkes,Mike Parkes,British,1931-09-24
664,mcalpine,Kenneth McAlpine,British,1920-09-21
745,graham_whitehead,Graham Whitehead,British,1922-04-15
322,hobbs,David Hobbs,British,1939-06-09
581,collins,Peter Collins,British,1931-11-06
350,elford,Vic Elford,British,1935-06-10
684,whitehouse,Bill Whitehouse,British,1909-04-01
354,craft,Chris Craft,British,1939-11-17
407,prophet,David Prophet,British,1937-10-09
569,ashdown,Peter Ashdown,British,1934-10-16
95,mansell,Nigel Mansell,British,1953-08-08
186,acheson,Kenny Acheson,British,1957-11-27
264,sutcliffe,Andy Sutcliffe,British,1947-05-09
571,dennis_taylor,Dennis Taylor,British,1921-06-12
742,poore,Dennis Poore,British,1916-08-19
357,miles,John Miles,British,1943-06-14
294,brise,Tony Brise,British,1952-03-28
708,duncan_hamilton,Duncan Hamilton,British,1920-04-30
747,murray,David Murray,British,1909-12-28
209,lees,Geoff Lees,British,1951-05-01
231,hunt,James Hunt,British,1947-08-29
441,parnell,Tim Parnell,British,1932-06-25
502,stacey,Alan Stacey,British,1933-08-29
341,surtees,John Surtees,British,1934-02-11
459,marsh,Tony Marsh,British,1931-07-20
227,needell,Tiff Needell,British,1951-10-29
546,owen,Arthur Owen,British,1915-03-23
777,parker,Philip Fotheringham-Parker,British,1907-09-22
420,raby,Ian Raby,British,1921-09-22
399,taylor,John Taylor,British,1933-03-23
289,hill,Graham Hill,British,1929-02-15
404,ireland,Innes Ireland,British,1930-06-12
652,whiteaway,Ted Whiteaway,British,1928-11-01
321,bell,Derek Bell,British,1941-10-31
590,lewis-evans,Stuart Lewis-Evans,British,1930-04-20
665,marr,Leslie Marr,British,1922-08-14
829,stevens,Will Stevens,British,1991-06-28
846,norris,Lando Norris,British,1999-11-13
484,naylor,Brian Naylor,British,1923-03-24
419,rhodes,John Rhodes,British,1927-08-18
779,john_james,John James,British,1914-05-10
283,wilds,Mike Wilds,British,1946-01-07
505,bristow,Chris Bristow,British,1937-12-02
282,magee,Damien Magee,British,1945-11-17
475,moss,Stirling Moss,British,1929-09-17
156,palmer,Jonathan Palmer,British,1956-11-07
787,harrison,Cuth Harrison,British,1906-07-06
778,shawe_taylor,Brian Shawe Taylor,British,1915-01-28
453,lewis,Jackie Lewis,British,1936-11-01
744,downing,Ken Downing,British,1917-12-05
118,warwick,Derek Warwick,British,1954-08-27
465,greene,Keith Greene,British,1938-01-05
541,flockhart,Ron Flockhart,British,1923-06-16
683,thorne,Leslie Thorne,British,1916-06-23
784,hampshire,David Hampshire,British,1917-12-29
373,clark,Jim Clark,British,1936-03-04
705,crook,Tony Crook,British,1920-02-16
226,south,Stephen South,British,1952-02-19
635,chapman,Colin Chapman,British,1928-05-19
56,irvine,Eddie Irvine,British,1965-11-10
262,oliver,Jackie Oliver,British,1942-08-14
329,beuttler,Mike Beuttler,British,1940-04-13
421,rollinson,Alan Rollinson,British,1943-05-15
835,jolyon_palmer,Jolyon Palmer,British,1991-01-20
570,bill_moss,Bill Moss,British,1933-09-04
374,spence,Mike Spence,British,1936-12-30
814,resta,Paul di Resta,British,1986-04-16
18,button,Jenson Button,British,1980-01-19
71,damon_hill,Damon Hill,British,1960-09-17
370,attwood,Richard Attwood,British,1940-04-04
637,scott_Brown,Archie Scott Brown,British,1927-05-13
259,purley,David Purley,British,1945-01-26
65,herbert,Johnny Herbert,British,1964-06-25
305,hailwood,Mike Hailwood,British,1940-04-02
739,charrington,Robin Montgomerie-Charrington,British,1915-06-23
312,redman,Brian Redman,British,1937-03-09
666,rolt,Tony Rolt,British,1918-10-16
308,robarts,Richard Robarts,British,1944-09-22
686,reg_parnell,Reg Parnell,British,1911-07-02
422,gubby,Brian Gubby,British,1934-04-17
587,ecclestone,Bernie Ecclestone,British,1930-10-28
688,brandon,Eric Brandon,British,1920-07-18
542,piper,David Piper,British,1930-12-02
437,burgess,Ian Burgess,British,1930-07-06
187,watson,John Watson,British,1946-05-04
19,davidson,Anthony Davidson,British,1979-04-18
51,wilson,Justin Wilson,British,1978-07-31
84,brundle,Martin Brundle,British,1959-06-01
490,duke,Geoff Duke,British,1923-03-29
619,gerard,Bob Gerard,British,1914-01-19
781,richardson,Ken Richardson,British,1911-08-21
335,williamson,Roger Williamson,British,1948-02-02
605,bridger,Tom Bridger,British,1934-06-24
87,blundell,Mark Blundell,British,1966-04-08
242,galica,Divina Galica,British,1944-08-13
788,fry,Joe Fry,British,1915-10-26
706,jimmy_stewart,Jimmy Stewart,British,1931-03-06
252,pryce,Tom Pryce,British,1949-06-11
479,brooks,Tony Brooks,British,1932-02-25
395,williams,Jonathan Williams,British,1942-10-26
205,henton,Brian Henton,British,1946-09-19
355,Cannoc,John Cannon,Canadian,1933-06-21
198,villeneuve_sr,Jacques Villeneuve Sr.,Canadian,1953-11-04
493,ryan,Peter Ryan,Canadian,1940-06-10
180,berg,Allen Berg,Canadian,1961-08-01
343,brack,Bill Brack,Canadian,1935-12-26
371,pease,Al Pease,Canadian,1921-10-15
840,stroll,Lance Stroll,Canadian,1998-10-29
35,villeneuve,Jacques Villeneuve,Canadian,1971-04-09
203,gilles_villeneuve,Gilles Villeneuve,Canadian,1950-01-18
352,eaton,George Eaton,Canadian,1945-11-12
448,broeker,Peter Broeker,Canadian,1926-05-15
372,cordts,John Cordts,Canadian,1935-07-23
326,wietzes,Eppie Wietzes,Canadian,1938-05-28
849,latifi,Nicholas Latifi,Canadian,1995-06-29
194,salazar,Eliseo Salazar,Chilean,1954-11-14
855,zhou,Guanyu Zhou,Chinese,1999-05-30
218,londono,Ricardo Londoño,Colombian,1949-08-08
195,guerrero,Roberto Guerrero,Colombian,1958-11-16
31,montoya,Juan Pablo Montoya,Colombian,1975-09-20
61,enge,Tomáš Enge,Czech,1976-09-11
281,nelleman,Jac Nelleman,Danish,1944-04-19
76,magnussen,Jan Magnussen,Danish,1973-07-04
53,kiesa,Nicolas Kiesa,Danish,1978-03-03
825,kevin_magnussen,Kevin Magnussen,Danish,1992-10-05
311,belso,Tom Belsø,Danish,1942-08-27
856,de_vries,Nyck de Vries,Dutch,1995-02-06
38,doornbos,Robert Doornbos,Dutch,1981-09-23
458,slotemaker,Rob Slotemaker,Dutch,1929-06-13
179,rothengatter,Huub Rothengatter,Dutch,1954-10-08
758,lof,Dries van der Lof,Dutch,1919-08-23
247,bleekemolen,Michael Bleekemolen,Dutch,1949-10-02
450,vos,Ernie de Vos,Dutch,1941-07-01
295,wunderink,Roelof Wunderink,Dutch,1948-12-12
830,max_verstappen,Max Verstappen,Dutch,1997-09-30
50,verstappen,Jos Verstappen,Dutch,1972-03-04
823,garde,Giedo van der Garde,Dutch,1985-04-25
759,flinterman,Jan Flinterman,Dutch,1919-10-02
457,pon,Ben Pon,Dutch,1936-12-09
136,lammers,Jan Lammers,Dutch,1956-06-02
27,albers,Christijan Albers,Dutch,1979-04-16
257,hayje,Boy Lunger,Dutch,1949-05-03
298,lennep,Gijs van Lennep,Dutch,1942-03-16
430,beaufort,Carel Godin de Beaufort,Dutch,1934-04-10
713,fitzau,Theo Fitzau,East German,1923-02-10
709,klodwig,Ernst Klodwig,East German,1903-05-23
710,krause,Rudolf Krause,East German,1907-03-30
5,kovalainen,Heikki Kovalainen,Finnish,1981-10-19
8,raikkonen,Kimi Räikkönen,Finnish,1979-10-17
822,bottas,Valtteri Bottas,Finnish,1989-08-28
63,salo,Mika Salo,Finnish,1966-11-30
177,keke_rosberg,Keke Rosberg,Finnish,1948-12-06
109,lehto,Jyrki Järvilehto,Finnish,1966-01-31
316,kinnunen,Leo Kinnunen,Finnish,1943-08-05
263,kozarowitzky,Mikko Kozarowitzky,Finnish,1948-05-17
57,hakkinen,Mika Häkkinen,Finnish,1968-09-28
202,pironi,Didier Pironi,French,1952-03-26
219,jabouille,Jean-Pierre Jabouille,French,1942-10-01
626,manzon,Robert Manzon,French,1917-04-12
7,bourdais,Sébastien Bourdais,French,1979-02-28
103,bernard,Éric Bernard,French,1964-08-24
277,leclere,Michel Leclère,French,1946-03-18
650,pollet,Jacques Pollet,French,1922-07-02
280,pescarolo,Henri Pescarolo,French,1942-09-25
602,la_caze,Robert La Caze,French,1917-02-26
349,jean,Max Jean,French,1943-07-27
36,montagny,Franck Montagny,French,1978-01-05
163,arnoux,René Arnoux,French,1948-07-04
775,gordini,Aldo Gordini,French,1921-05-20
389,ligier,Guy Ligier,French,1930-07-12
348,mazet,François Mazet,French,1943-02-24
72,sarrazin,Stéphane Sarrazin,French,1975-11-02
764,guy_mairesse,Guy Mairesse,French,1910-08-10
197,jarier,Jean-Pierre Jarier,French,1946-07-10
96,boullion,Jean-Christophe Boullion,French,1969-12-27
625,bayol,Élie Bayol,French,1914-02-28
819,pic,Charles Pic,French,1990-02-15
765,louveau,Henri Louveau,French,1910-01-25
162,raphanel,Pierre-Henri Raphanel,French,1961-05-27
839,ocon,Esteban Ocon,French,1996-09-17
172,laffite,Jacques Laffite,French,1943-11-21
783,grignard,Georges Grignard,French,1905-07-25
359,gavin,Johnny Servoz-Gavin,French,1942-01-18
315,larrousse,Gérard Larrousse,French,1940-05-23
183,hesnault,François Hesnault,French,1956-12-30
129,grouillard,Olivier Grouillard,French,1958-09-02
773,levegh,Pierre Levegh,French,1905-12-22
111,gounon,Jean-Marc Gounon,French,1963-01-01
793,sommer,Raymond Sommer,French,1906-08-31
603,guelfi,André Guelfi,French,1919-05-06
221,depailler,Patrick Depailler,French,1944-08-09
166,streiff,Philippe Streiff,French,1955-06-26
55,alesi,Jean Alesi,French,1964-06-11
552,lucienbonnet,Jean Lucienbonnet,French,1923-01-07
668,lucas,Jean Lucas,French,1917-04-25
175,tambay,Patrick Tambay,French,1949-06-25
319,dolhem,José Dolhem,French,1944-04-26
801,pozzi,Charles Pozzi,French,1909-08-27
236,gaillard,Patrick Gaillard,French,1952-02-12
112,alliot,Philippe Alliot,French,1954-07-27
428,collomb,Bernard Collomb,French,1930-10-07
789,martin,Eugène Martin,French,1915-03-24
704,cabantous,Yves Cabantous,French,1904-10-08
117,prost,Alain Prost,French,1955-02-24
754,balsa,Marcel Balsa,French,1909-01-01
169,fabre,Pascal Fabre,French,1960-01-09
824,jules_bianchi,Jules Bianchi,French,1989-08-03
427,trintignant,Maurice Trintignant,French,1917-10-30
154,grosjean,Romain Grosjean,French,1986-04-17
818,vergne,Jean-Éric Vergne,French,1990-04-25
842,gasly,Pierre Gasly,French,1996-02-07
296,migault,François Migault,French,1944-12-04
108,belmondo,Paul Belmondo,French,1963-04-23
609,simon,André Simon,French,1920-01-05
604,picard,François Picard,French,1921-04-26
377,jo_schlesser,Jo Schlesser,French,1928-05-18
44,panis,Olivier Panis,French,1966-09-02
627,rosier,Louis Rosier,French,1905-11-05
100,comas,Érik Comas,French,1963-09-28
114,dalmas,Yannick Dalmas,French,1961-07-28
306,beltoise,Jean-Pierre Beltoise,French,1937-04-26
327,cevert,François Cevert,French,1944-02-25
662,sparken,Mike Sparken,French,1930-06-16
116,lagorce,Franck Lagorce,French,1968-09-01
168,schlesser,Jean-Louis Schlesser,French,1948-09-12
774,chaboud,Eugène Chaboud,French,1907-04-12
554,behra,Jean Behra,French,1921-02-16
741,etancelin,Philippe Étancelin,French,1896-12-28
671,loyer,Roger Loyer,French,1907-08-05
161,weidler,Volker Weidler,German,1962-03-18
181,manfred_winkelhock,Manfred Winkelhock,German,1951-10-06
751,riess,Fritz Riess,German,1922-07-11
268,heyer,Hans Heyer,German,1943-03-16
718,loof,Ernst Loof,German,1907-07-04
243,stommelen,Rolf Stommelen,German,1943-07-11
423,mitter,Gerhard Mitter,German,1935-08-30
807,hulkenberg,Nico Hülkenberg,German,1987-08-19
365,hahne,Hubert Hahne,German,1935-03-28
2,heidfeld,Nick Heidfeld,German,1977-05-10
750,brudes,Adolf Brudes,German,1899-10-15
10,glock,Timo Glock,German,1982-03-18
28,markus_winkelhock,Markus Winkelhock,German,1980-06-13
753,klenk,Hans Klenk,German,1919-10-28
478,herrmann,Hans Herrmann,German,1928-02-23
16,sutil,Adrian Sutil,German,1983-01-11
23,ralf_schumacher,Ralf Schumacher,German,1975-06-30
442,kuhnke,Kurt Kuhnke,German,1910-04-30
20,vettel,Sebastian Vettel,German,1987-07-03
445,seiffert,Günther Seiffert,German,1937-10-18
711,karch,Oswald Karch,German,1917-03-06
714,adolff,Kurt Adolff,German,1921-11-05
715,bechem,Günther Bechem,German,1921-12-21
691,lang,Hermann Lang,German,1909-04-06
717,hans_stuck,Hans von Stuck,German,1900-12-27
431,barth,Edgar Barth,German,1917-01-26
756,pietsch,Paul Pietsch,German,1911-06-20
3,rosberg,Nico Rosberg,German,1985-06-27
233,stuck,Hans-Joachim Stuck,German,1951-01-01
692,helfrich,Theo Helfrich,German,1913-05-13
827,lotterer,André Lotterer,German,1981-11-19
49,frentzen,Heinz-Harald Frentzen,German,1967-05-18
185,bellof,Stefan Bellof,German,1957-11-20
455,seidel,Wolfgang Seidel,German,1926-07-04
757,peters,Josef Peters,German,1914-09-16
143,bartels,Michael Bartels,German,1968-03-08
30,michael_schumacher,Michael Schumacher,German,1969-01-03
379,ahrens,Kurt Ahrens,German,1940-04-19
476,trips,Wolfgang von Trips,German,1928-05-04
712,heeks,Willi Heeks,German,1922-02-13
854,mick_schumacher,Mick Schumacher,German,1999-03-22
724,ulmen,Toni Ulmen,German,1906-01-25
146,schneider,Bernd Schneider,German,1964-07-20
200,mass,Jochen Mass,German,1946-09-30
716,bauer,Erwin Bauer,German,1912-07-17
164,joachim_winkelhock,Joachim Winkelhock,German,1960-10-24
648,kling,Karl Kling,German,1910-09-16
157,danner,Christian Danner,German,1958-04-04
836,wehrlein,Pascal Wehrlein,German,1994-10-18
752,niedermayr,Helmut Niedermayr,German,1915-11-29
47,baumgartner,Zsolt Baumgartner,Hungarian,1981-01-01
39,karthikeyan,Narain Karthikeyan,Indian,1977-01-14
812,chandhok,Karun Chandhok,Indian,1984-01-19
837,haryanto,Rio Haryanto,Indonesian,1993-01-22
52,firman,Ralph Firman,Irish,1975-05-20
776,kelly,Joe Kelly,Irish,1913-03-13
225,kennedy,Dave Kennedy,Irish,1953-01-15
210,byrne,Tommy Byrne,Irish,1958-05-06
206,daly,Derek Daly,Irish,1953-03-11
190,corrado_fabi,Corrado Fabi,Italian,1961-04-12
120,barbazza,Fabrizio Barbazza,Italian,1963-04-02
363,giunti,Ignazio Giunti,Italian,1941-08-30
791,biondetti,Clemente Biondetti,Italian,1898-08-18
145,nannini,Alessandro Nannini,Italian,1959-07-07
394,baghetti,Giancarlo Baghetti,Italian,1934-12-25
244,colombo,Alberto Colombo,Italian,1946-02-23
134,bertaggia,Enrico Bertaggia,Italian,1964-09-19
447,starrabba,Gaetano Starrabba,Italian,1932-12-03
45,pantano,Giorgio Pantano,Italian,1979-02-04
15,trulli,Jarno Trulli,Italian,1974-07-13
213,gabbiani,Beppe Gabbiani,Italian,1957-01-02
740,comotti,Franco Comotti,Italian,1906-07-24
46,bruni,Gianmaria Bruni,Italian,1981-05-30
131,modena,Stefano Modena,Italian,1963-05-12
642,farina,Nino Farina,Italian,1906-10-30
424,bussinello,Roberto Bussinello,Italian,1927-10-04
443,ernesto_brambilla,Ernesto Brambilla,Italian,1934-01-31
620,maglioli,Umberto Maglioli,Italian,1928-06-05
444,lippi,Roberto Lippi,Italian,1926-10-17
152,giacomelli,Bruno Giacomelli,Italian,1952-09-10
93,schiattarella,Domenico Schiattarella,Italian,1967-11-17
99,tarquini,Gabriele Tarquini,Italian,1962-03-02
489,pirocchi,Renato Pirocchi,Italian,1933-03-26
800,pagani,Nello Pagani,Italian,1911-10-11
633,villoresi,Luigi Villoresi,Italian,1909-05-16
139,pirro,Emanuele Pirro,Italian,1962-01-12
586,piotti,Luigi Piotti,Italian,1913-10-27
375,scarfiotti,Ludovico Scarfiotti,Italian,1933-10-18
425,vaccarella,Nino Vaccarella,Italian,1933-03-04
446,abate,Carlo Abate,Italian,1932-07-10
254,zorzi,Renzo Zorzi,Italian,1946-12-12
81,morbidelli,Gianni Morbidelli,Italian,1968-01-13
160,ghinzani,Piercarlo Ghinzani,Italian,1952-01-16
86,lavaggi,Giovanni Lavaggi,Italian,1958-02-18
492,boffa,Menato Boffa,Italian,1930-01-04
70,zanardi,Alessandro Zanardi,Italian,1966-10-23
333,adamich,Andrea de Adamich,Italian,1941-10-03
132,amati,Giovanna Amati,Italian,1959-07-20
147,barilla,Paolo Barilla,Italian,1961-04-20
241,leoni,Lamberto Leoni,Italian,1953-05-24
124,apicella,Marco Apicella,Italian,1965-10-07
170,fabi,Teo Fabi,Italian,1955-03-09
275,lombardi,Lella Lombardi,Italian,1941-03-26
402,geki,Giacomo Russo,Italian,1937-10-23
426,bassi,Giorgio Bassi,Italian,1934-01-20
184,baldi,Mauro Baldi,Italian,1954-01-31
284,pesenti_rossi,Alessandro Pesenti-Rossi,Italian,1942-08-31
122,capelli,Ivan Capelli,Italian,1963-05-24
641,taruffi,Piero Taruffi,Italian,1906-10-12
94,martini,Pierluigi Martini,Italian,1961-04-23
248,gimax,Carlo Franchi,Italian,1938-01-01
786,fagioli,Luigi Fagioli,Italian,1898-06-09
325,facetti,Carlo Facetti,Italian,1935-06-26
762,rol,Franco Rol,Italian,1908-06-05
608,castellotti,Eugenio Castellotti,Italian,1930-10-10
133,caffi,Alex Caffi,Italian,1964-03-18
105,alboreto,Michele Alboreto,Italian,1956-12-23
204,paletti,Riccardo Paletti,Italian,1958-06-15
149,langes,Claudio Langes,Italian,1960-07-20
588,taramazzo,Luigi Taramazzo,Italian,1932-05-05
544,drogo,Piero Drogo,Italian,1926-08-08
232,merzario,Arturo Merzario,Italian,1943-03-11
467,prinoth,Ernesto Prinoth,Italian,1923-04-15
500,munaron,Gino Munaron,Italian,1928-04-02
85,montermini,Andrea Montermini,Italian,1964-05-30
760,dusio,Piero Dusio,Italian,1899-10-13
78,larini,Nicola Larini,Italian,1964-03-19
80,sospiri,Vincenzo Sospiri,Italian,1966-10-07
330,galli,Nanni Galli,Italian,1940-10-02
487,natili,Massimo Natili,Italian,1935-07-28
385,bandini,Lorenzo Bandini,Italian,1935-12-21
110,cesaris,Andrea de Cesaris,Italian,1959-05-31
119,patrese,Riccardo Patrese,Italian,1954-04-17
577,musso,Luigi Musso,Italian,1924-07-28
583,gerini,Gerino Gerini,Italian,1928-08-10
220,francia,Giorgio Francia,Italian,1947-11-08
24,liuzzi,Vitantonio Liuzzi,Italian,1980-08-06
607,perdisa,Cesare Perdisa,Italian,1932-10-21
644,mantovani,Sergio Mantovani,Italian,1929-05-22
647,ascari,Alberto Ascari,Italian,1918-07-13
697,bonetto,Felice Bonetto,Italian,1903-06-09
841,giovinazzi,Antonio Giovinazzi,Italian,1993-12-14
722,carini,Piero Carini,Italian,1921-03-06
173,angelis,Elio de Angelis,Italian,1958-03-26
230,brambilla,Vittorio Brambilla,Italian,1937-11-11
216,stohr,Siegfried Stohr,Italian,1952-10-10
551,filippis,Maria de Filippis,Italian,1926-11-11
802,serafini,Dorino Serafini,Italian,1909-07-22
483,scarlatti,Giorgio Scarlatti,Italian,1921-10-02
69,badoer,Luca Badoer,Italian,1971-01-25
234,brancatelli,Gianfranco Brancatelli,Italian,1950-01-18
125,naspetti,Emanuele Naspetti,Italian,1968-02-24
694,riu,Giovanni de Riu,Italian,1925-03-10
763,sanesi,Consalvo Sanesi,Italian,1911-03-28
21,fisichella,Giancarlo Fisichella,Italian,1973-01-14
97,papis,Massimiliano Papis,Italian,1969-10-03
634,scotti,Piero Scotti,Italian,1909-11-11
543,cabianca,Giulio Cabianca,Italian,1923-02-19
274,takahara,Noritake Takahara,Japanese,1951-06-06
299,fushida,Hiroshi Fushida,Japanese,1946-03-10
852,tsunoda,Yuki Tsunoda,Japanese,2000-05-11
34,ide,Yuji Ide,Japanese,1975-01-21
273,hoshino,Kazuyoshi Hoshino,Japanese,1947-07-01
79,katayama,Ukyo Katayama,Japanese,1963-05-29
11,sato,Takuma Sato,Japanese,1977-01-28
126,toshio_suzuki,Toshio Suzuki,Japanese,1955-03-10
75,nakano,Shinji Nakano,Japanese,1971-04-01
89,inoue,Taki Inoue,Japanese,1963-09-05
115,noda,Hideki Noda,Japanese,1969-03-07
287,hasemi,Masahiro Hasemi,Japanese,1945-11-13
138,satoru_nakajima,Satoru Nakajima,Japanese,1953-02-23
6,nakajima,Kazuki Nakajima,Japanese,1985-01-11
155,kobayashi,Kamui Kobayashi,Japanese,1986-09-13
29,yamamoto,Sakon Yamamoto,Japanese,1982-07-09
272,takahashi,Kunimitsu Takahashi,Japanese,1940-01-29
68,takagi,Toranosuke Takagi,Japanese,1974-02-12
144,hattori,Naoki Hattori,Japanese,1966-06-13
88,suzuki,Aguri Suzuki,Japanese,1960-09-08
313,opel,Rikky von Opel,Liechtensteiner,1947-10-14
62,yoong,Alex Yoong,Malaysian,1976-07-20
345,rodriguez,Pedro Rodríguez,Mexican,1940-01-18
821,gutierrez,Esteban Gutiérrez,Mexican,1991-08-05
212,rebaque,Hector Rebaque,Mexican,1956-02-05
382,solana,Moisés Solana,Mexican,1935-12-26
815,perez,Sergio Pérez,Mexican,1990-01-26
454,ricardo_rodriguez,Ricardo Rodríguez,Mexican,1942-02-14
844,leclerc,Charles Leclerc,Monegasque,1997-10-16
106,beretta,Olivier Beretta,Monegasque,1969-11-23
553,testut,André Testut,Monegasque,1926-04-13
589,chiron,Louis Chiron,Monegasque,1899-08-03
278,amon,Chris Amon,New Zealander,1943-07-20
300,nicholson,John Nicholson,New Zealander,1941-10-06
464,shelly,Tony Shelly,New Zealander,1937-02-02
307,ganley,Howden Ganley,New Zealander,1941-12-24
336,mcrae,Graham McRae,New Zealander,1940-03-05
191,thackwell,Mike Thackwell,New Zealander,1961-03-30
859,lawson,Liam Lawson,New Zealander,2002-02-11
843,brendon_hartley,Brendon Hartley,New Zealander,1989-11-10
304,hulme,Denny Hulme,New Zealander,1936-06-18
360,mclaren,Bruce McLaren,New Zealander,1937-08-30
9,kubica,Robert Kubica,Polish,1984-12-07
33,monteiro,Tiago Monteiro,Portuguese,1976-07-24
142,chaves,Pedro Chaves,Portuguese,1965-02-27
432,cabral,Mário de Araújo Cabral,Portuguese,1934-01-15
83,lamy,Pedro Lamy,Portuguese,1972-03-20
340,love,John Love,Rhodesian,1924-12-07
414,puzey,Clive Puzey,Rhodesian,1941-07-11
473,hocking,Gary Hocking,Rhodesian,1937-09-30
368,tingle,Sam Tingle,Rhodesian,1921-08-24
808,petrov,Vitaly Petrov,Russian,1984-09-08
853,mazepin,Nikita Mazepin,Russian,1999-03-02
826,kvyat,Daniil Kvyat,Russian,1994-04-26
845,sirotkin,Sergey Sirotkin,Russian,1995-08-27
292,keizan,Eddie Keizan,South African,1944-09-12
384,botha,Luki Botha,South African,1930-01-16
474,vyver,Syd van der Vyver,South African,1920-06-01
408,maggs,Tony Maggs,South African,1937-02-09
228,desire_wilson,Desiré Wilson,South African,1953-11-26
293,charlton,Dave Charlton,South African,1936-10-27
411,serrurier,Doug Serrurier,South African,1920-12-09
413,pieterse,Ernie Pieterse,South African,1938-07-04
222,scheckter,Jody Scheckter,South African,1950-01-29
415,reed,Ray Reed,South African,1932-04-30
251,ian_scheckter,Ian Scheckter,South African,1947-08-22
416,clapham,David Clapham,South African,1931-05-18
412,niemann,Brausch Niemann,South African,1939-01-07
291,tunmer,Guy Tunmer,South African,1948-12-01
362,klerk,Peter de Klerk,South African,1935-03-16
410,lederle,Neville Lederle,South African,1938-09-25
310,driver,Paddy Driver,South African,1934-05-13
409,blokdyk,Trevor Blokdyk,South African,1935-11-30
472,harris,Mike Harris,South African,1939-05-25
369,rooyen,Basil van Rooyen,South African,1939-04-19
417,blignaut,Alex Blignaut,South African,1932-11-30
471,johnstone,Bruce Johnstone,South African,1937-01-30
334,pretorius,Jackie Pretorius,South African,1934-11-22
606,portago,Alfonso de Portago,Spanish,1928-10-11
782,jover,Juan Jover,Spanish,1903-11-23
4,alonso,Fernando Alonso,Spanish,1981-07-29
48,gene,Marc Gené,Spanish,1974-03-29
153,alguersuari,Jaime Alguersuari,Spanish,1990-03-23
208,villota,Emilio de Villota,Spanish,1946-07-26
339,roig,Alex Soler-Roig,Spanish,1932-10-29
167,campos,Adrián Campos,Spanish,1960-06-17
580,godia,Paco Godia,Spanish,1921-03-21
37,rosa,Pedro de la Rosa,Spanish,1971-02-24
504,creus,Antonio Creus,Spanish,1924-10-28
159,sala,Luis Pérez-Sala,Spanish,1959-05-15
832,sainz,Carlos Sainz,Spanish,1994-09-01
833,merhi,Roberto Merhi,Spanish,1991-03-22
279,zapico,Emilio Zapico,Spanish,1944-05-27
317,wisell,Reine Wisell,Swedish,1941-09-30
260,andersson,Conny Andersson,Swedish,1939-12-28
255,nilsson,Gunnar Nilsson,Swedish,1948-11-20
201,borgudd,Slim Borgudd,Swedish,1946-11-25
297,palm,Torsten Palm,Swedish,1947-07-23
347,bonnier,Jo Bonnier,Swedish,1930-01-31
238,peterson,Ronnie Peterson,Swedish,1944-02-14
318,roos,Bertil Roos,Swedish,1943-10-12
828,ericsson,Marcus Ericsson,Swedish,1990-09-02
140,johansson,Stefan Johansson,Swedish,1956-09-08
638,volonterio,Ottorino Volonterio,Swiss,1917-12-07
303,vonlanthen,Jo Vonlanthen,Swiss,1942-05-31
171,forini,Franco Forini,Swiss,1958-09-22
721,hirt,Peter Hirt,Swiss,1910-03-30
130,chiesa,Andrea Chiesa,Swiss,1964-05-06
346,siffert,Jo Siffert,Swiss,1936-07-07
148,foitek,Gregor Foitek,Swiss,1965-03-27
640,graffenried,Toulo de Graffenried,Swiss,1914-05-18
719,scherrer,Albert Scherrer,Swiss,1908-02-28
67,buemi,Sébastien Buemi,Swiss,1988-10-31
98,deletraz,Jean-Denis Délétraz,Swiss,1963-10-01
461,schiller,Heinz Schiller,Swiss,1930-01-25
488,monteverdi,Peter Monteverdi,Swiss,1934-06-07
351,moser,Silvio Moser,Swiss,1941-04-24
720,terra,Max de Terra,Swiss,1918-10-06
223,regazzoni,Clay Regazzoni,Swiss,1939-09-05
176,surer,Marc Surer,Swiss,1951-09-18
480,may,Michael May,Swiss,1934-08-18
723,fischer,Rudi Fischer,Swiss,1912-04-19
271,kessel,Loris Kessel,Swiss,1950-04-01
466,walter,Heini Walter,Swiss,1927-07-28
780,branca,Toni Branca,Swiss,1916-09-15
755,schoeller,Rudolf Schoeller,Swiss,1902-04-27
848,albon,Alexander Albon,Thai,1996-03-23
669,bira,Prince Bira,Thai,1914-07-15
568,fontes,Azdrubal Fontes,Uruguayan,1922-12-26
748,cantoni,Eitel Cantoni,Uruguayan,1906-10-04
806,oscar_gonzalez,Óscar González,Uruguayan,1923-11-10
623,uria,Alberto Uria,Uruguayan,1924-07-11
188,cecotto,Johnny Cecotto,Venezuelan,1956-01-25
503,chimeri,Ettore Chimeri,Venezuelan,1921-06-04
813,maldonado,Pastor Maldonado,Venezuelan,1985-03-09
